Version,Engine,Name,Mean,Deviation,MOE,RME,SEM
1.9.36,V8,[x 1] (identity x),1.157755933652222e-08,6.434512038250852e-10,1.6147554967258645e-10,1.3947287591366562,8.238548452682982e-11
1.9.36,V8,[] (symbol (quote foo)),3.057617583634115e-08,2.671966660423421e-09,6.818064422072842e-10,2.229861725863464,3.47860429697594e-10
1.9.36,SM,[x 1] (identity x),9.58926634020535e-10,3.570449905821821e-11,8.887572793148913e-12,0.9268251060965516,4.534475914871895e-12
1.9.36,SM,[] (symbol (quote foo)),1.437081766336494e-09,2.6891889569380185e-10,6.92091306073727e-11,4.815949393318467,3.5310780922128924e-11
1.9.36,JSC,[x 1] (identity x),5.8538798052938116e-09,2.3939910197244965e-10,6.057633068903883e-11,1.034806533510615,3.0906291167876956e-11
1.9.36,JSC,[] (symbol (quote foo)),9.711801674250644e-09,3.303735172483949e-10,8.359603384829214e-11,0.8607675141259754,4.2651037677700074e-11
